,Topic names,url
0,All Topics,https://www.radletters.com/?tag=All Topics
1,Arts,https://www.radletters.com/?tag=Arts
2,Business,https://www.radletters.com/?tag=Business
3,Communities & Networks,https://www.radletters.com/?tag=Communities & Networks
4,Copywriting,https://www.radletters.com/?tag=Copywriting
5,Creativity,https://www.radletters.com/?tag=Creativity
6,Crypto,https://www.radletters.com/?tag=Crypto
7,Culture,https://www.radletters.com/?tag=Culture
8,Cybersecurity,https://www.radletters.com/?tag=Cybersecurity
9,Data,https://www.radletters.com/?tag=Data
10,Data Science,https://www.radletters.com/?tag=Data Science
11,Design,https://www.radletters.com/?tag=Design
12,DevOps,https://www.radletters.com/?tag=DevOps
13,Eclectic,https://www.radletters.com/?tag=Eclectic
14,Economics,https://www.radletters.com/?tag=Economics
15,Education & Learning,https://www.radletters.com/?tag=Education & Learning
16,Entrepreneurial,https://www.radletters.com/?tag=Entrepreneurial
17,Finance,https://www.radletters.com/?tag=Finance
18,Food & Cooking,https://www.radletters.com/?tag=Food & Cooking
19,Gaming,https://www.radletters.com/?tag=Gaming
20,Growth,https://www.radletters.com/?tag=Growth
21,Health & Fitness,https://www.radletters.com/?tag=Health & Fitness
22,History,https://www.radletters.com/?tag=History
23,Innovation,https://www.radletters.com/?tag=Innovation
24,Investing,https://www.radletters.com/?tag=Investing
25,Lifestyle,https://www.radletters.com/?tag=Lifestyle
26,Marketing,https://www.radletters.com/?tag=Marketing
27,Media,https://www.radletters.com/?tag=Media
28,Medicine,https://www.radletters.com/?tag=Medicine
29,Music,https://www.radletters.com/?tag=Music
30,News,https://www.radletters.com/?tag=News
31,No Code,https://www.radletters.com/?tag=No Code
32,Nutrition,https://www.radletters.com/?tag=Nutrition
33,Philosophy,https://www.radletters.com/?tag=Philosophy
34,Politics,https://www.radletters.com/?tag=Politics
35,Product,https://www.radletters.com/?tag=Product
36,Productivity,https://www.radletters.com/?tag=Productivity
37,Psychology,https://www.radletters.com/?tag=Psychology
38,Remote,https://www.radletters.com/?tag=Remote
39,Sales,https://www.radletters.com/?tag=Sales
40,Science,https://www.radletters.com/?tag=Science
41,Self Improvement,https://www.radletters.com/?tag=Self Improvement
42,Software Dev,https://www.radletters.com/?tag=Software Dev
43,Sports,https://www.radletters.com/?tag=Sports
44,Sustainability,https://www.radletters.com/?tag=Sustainability
45,Tech,https://www.radletters.com/?tag=Tech
46,Travel,https://www.radletters.com/?tag=Travel
47,Trends,https://www.radletters.com/?tag=Trends
48,Venture Capital,https://www.radletters.com/?tag=Venture Capital
