,Newsletter Title,Description,url,Topic Tags
0,Close,Weekly newsletter with actionable sales advice,https://close.com/newsletter/,Sales
1,Wiser!,"Tech innovation, startups to big tech, market insight, informed opinion",http://rickhuckstep.substack.com,Sales
2,Red and Blue Customers,Drive growth and efficiency by better understanding your customers' worldviews,https://redandblue.substack.com/,Sales
3,Partner Up,Thoughts & tips on partnerships and alliances,https://partnerup.substack.com/,Sales
4,Constructing Sales,"Newsletter bring4ing new ideas, thoughts & tools to construction salespeople",https://www.constructingsales.co/,Sales
5,Funnel Authority,Make more sales. Grow your audience. For marketers / entrepreneurs.,https://funnelauthority.com/subscribe,Sales
6,Room To Fail,Learn strategy and how to let yourself fail so you can do it better next time.,https://roomtofail.substack.com/,Sales
7,Value Added Resource,"eBay Seller News, Tips, Insight & Commentary - For eBay Sellers, By eBay Sellers",https://www.valueaddedresource.net,Sales
8,Future of Marketing,"Analyzing global trends, consumer behavior, and user-generated content.",futureofmarketing.tintup.com,Sales
9,CX Tales,"5 articles on shaping customer experience, curated & delivered via email weekly",https://cxtales.com/,Sales
10,Course Creators Weekly,Create and sell online courses like a pro,https://xebel.co/course-creators-weekly/?utm_source=radletters&utm_medium=listing&utm_campaign=directory,Sales
11,Robin's Newsletter,"The best hiring and sales advice for startups, from founder interviews.",https://www.robinsnewsletter.com/,Sales
12,The Gmail Genius,"News, actionable tips, and other tidbits to help you use Gmail better",https://www.gmass.co/gmailgenius,Sales
13,Dango Books,Personalized bestselling ebook deals delivered to your inbox.,https://dangobooks.com/email-sign-up/,Sales
14,Cyberleads,Find your next big client,https://www.getcyberleads.com/,Sales
